<?xml version="1.0" encoding="utf-8" ?><dwsync><file name="index.html" server="ftp.tweet.me.it/domains/tweet.me.it/html/" local="3328520700" remote="3328520700" /><file name="iphone_switch.png" server="ftp.tweet.me.it/domains/tweet.me.it/html/" local="3328519680" remote="3328519680" /><file name="iphone_switch_container_off.png" server="ftp.tweet.me.it/domains/tweet.me.it/html/" local="3328519680" remote="3328519680" /><file name="iphone_switch_container_on.png" server="ftp.tweet.me.it/domains/tweet.me.it/html/" local="3328519680" remote="3328519680" /><file name="jquery.iphone-switch.js" server="ftp.tweet.me.it/domains/tweet.me.it/html/" local="3328519620" remote="3328519620" /><file name="jquery.js" server="ftp.tweet.me.it/domains/tweet.me.it/html/" local="3328519620" remote="3328519620" /><file name="off.html" server="ftp.tweet.me.it/domains/tweet.me.it/html/" local="3328520580" remote="3328520580" /><file name="on.html" server="ftp.tweet.me.it/domains/tweet.me.it/html/" local="3328520520" remote="3328520520" /><file name="index.html" server="ftp.dotdashcreate.com/domains/papermashup.com/html/" local="3328520700" remote="46279136020" /><file name="iphone_switch.png" server="ftp.dotdashcreate.com/domains/papermashup.com/html/" local="3328519680" remote="76343907092" /><file name="iphone_switch_container_off.png" server="ftp.dotdashcreate.com/domains/papermashup.com/html/" local="3328519680" remote="136473449236" /><file name="iphone_switch_container_on.png" server="ftp.dotdashcreate.com/domains/papermashup.com/html/" local="3328519680" remote="132178481940" /><file name="jquery.iphone-switch.js" server="ftp.dotdashcreate.com/domains/papermashup.com/html/" local="3328519620" remote="102113710868" /><file name="jquery.js" server="ftp.dotdashcreate.com/domains/papermashup.com/html/" local="3328519620" remote="41984168724" /><file name="off.html" server="ftp.dotdashcreate.com/domains/papermashup.com/html/" local="3328520580" remote="37689201428" /><file name="on.html" server="ftp.dotdashcreate.com/domains/papermashup.com/html/" local="3328520520" remote="33394234132" /><file name="index.php" server="ftp.dotdashcreate.com/domains/papermashup.com/html/" local="3329469504" remote="3785835502330158616" /></dwsync>